"","QB_ID","Peer_assessment_of_QBs_school","Week","Incompetence","Athleticism","Competence","Lack_of_athleticism","QB_race","Performance","QB_race_x_Performance","Words_published_per_QB_per_interval","Source_of_phrase","Rushing_yards","Evaluative_phrases_negative","Evaluative_phrases_positive"
"1",10011,NA,1,0,1,0,0,0,1,0,579,1,50,0,0
"2",10011,NA,4,0,0,0,0,0,0,0,391,1,5,0,1
"3",10011,NA,7,0,1,0,0,0,1,0,437,0,5,0,0
"4",10011,NA,10,0,0,0,0,0,0,0,0,0,20,0,0
"5",10022,2.1,1,0,0,0,0,1,1,1,0,0,17,0,0
"6",10022,2.1,4,0,0,0,2,1,1,1,982,0,3,0,0
"7",10022,2.1,7,0,0,0,0,1,NA,NA,0,0.32,-23,0,0
"8",10022,2.1,10,0,0,0,0,1,NA,NA,0,0,NA,0,0
"9",10031,2.9,1,0,0,0,0,0,1,0,0,0,1,0,0
"10",10031,2.9,4,1,1,0,3,0,0,0,1272,0.42,-21,0,0
"11",10031,2.9,7,1,3,7,0,0,1,0,1186,0,3,1,7
"12",10031,2.9,10,0,0,0,0,0,NA,NA,0,0.06,-19,0,0
"13",10041,3.2,1,0,0,0,0,0,1,0,0,0,-19,0,0
"14",10041,3.2,4,0,2,3,0,0,1,0,1011,0,-21,1,6
"15",10041,3.2,7,0,0,0,0,0,1,0,0,0,-4,0,0
"16",10041,3.2,10,0,0,7,0,0,1,0,1832,0.45,7,1,9
"17",10062,2.7,1,0,0,0,0,0,1,0,0,0,37,0,0
"18",10062,2.7,4,0,0,0,0,0,NA,NA,0,0,2,0,0
"19",10062,2.7,7,0,0,0,0,0,NA,NA,0,0.57,84,0,0
"20",10062,2.7,10,0,2,16,0,0,1,0,2663,0.71,56,0,4
"21",10071,2.7,1,0,0,0,0,0,0,0,0,0,-20,0,0
"22",10071,2.7,4,0,0,0,0,0,0,0,0,0.44,-14,0,0
"23",10071,2.7,7,0,10,4,0,0,1,0,1701,0.11,-7,0,9
"24",10071,2.7,10,3,2,0,0,0,0,0,1060,0,-6,1,1
"25",10091,3,1,0,0,0,0,0,1,0,0,0,5,0,0
"26",10091,3,4,1,2,1,0,0,1,0,1490,0,91,0,6
"27",10091,3,7,0,1,1,0,0,1,0,1312,0,3,4,3
"28",10091,3,10,0,0,1,0,0,1,0,686,0.67,-3,0,0
"29",10092,3,1,0,0,0,0,1,NA,NA,0,0,NA,0,0
"30",10101,2.5,4,0,0,0,0,1,0,0,573,0,NA,0,1
"31",10101,2.5,7,0,0,0,0,1,1,1,563,0,NA,0,1
"32",10101,2.5,10,0,1,0,0,1,0,0,1092,0.5,0,0,2
"33",10111,3.1,1,0,0,0,0,0,0,0,724,0,0,0,0
"34",10111,3.1,4,0,0,0,0,0,1,0,0,0,NA,0,0
"35",10111,3.1,7,0,0,0,0,0,0,0,737,0,29,1,4
"36",10111,3.1,10,0,0,5,0,0,0,0,632,1,1,0,1
"37",10121,NA,1,0,0,0,0,0,1,0,0,0,4,0,0
"38",10121,NA,4,0,0,0,0,0,NA,NA,0,0.8,9,0,0
"39",10121,NA,7,0,0,0,0,0,1,0,0,0,4,0,0
"40",10121,NA,10,0,0,0,1,0,1,0,226,0.82,NA,0,0
"41",10131,3.5,1,0,0,0,0,0,1,0,0,0,NA,0,0
"42",10131,3.5,4,0,2,0,0,0,1,0,1114,0,NA,0,4
"43",10131,3.5,7,0,5,39,1,0,1,0,2472,0,NA,0,2
"44",10131,3.5,10,2,1,5,0,0,1,0,2844,0,NA,0,1
"45",10141,2.5,1,0,0,1,0,0,1,0,596,0,9,0,1
"46",10141,2.5,4,1,2,3,0,0,1,0,735,0,-23,0,1
"47",10141,2.5,7,1,0,0,0,0,0,0,630,0,3,2,1
"48",10141,2.5,10,0,0,0,0,0,0,0,0,0,-10,0,0
"49",10151,2.9,1,0,0,0,0,0,1,0,395,0,26,0,1
"50",10151,2.9,4,1,1,1,0,0,1,0,1657,0,49,0,2
"51",10151,2.9,7,0,0,1,0,0,1,0,331,0,100,0,0
"52",10151,2.9,10,1,2,3,0,0,NA,NA,1837,0.5,75,1,4
"53",10161,2.9,1,0,0,0,0,0,0,0,0,0,6,0,0
"54",10161,2.9,4,0,0,0,1,0,0,0,430,1,3,1,0
"55",10161,2.9,7,0,1,3,0,0,1,0,1208,0,NA,0,2
"56",10161,2.9,10,0,0,0,0,0,1,0,0,0,12,0,0
"57",10172,4.7,1,0,0,0,0,0,NA,NA,0,0,56,0,0
"58",10172,4.7,4,0,0,0,0,0,NA,NA,0,0.31,19,0,0
"59",10172,4.7,7,1,0,0,0,0,0,0,2082,0,33,0,4
"60",10172,4.7,10,0,0,0,0,0,NA,NA,0,0,-5,0,0
"61",10181,2.2,1,1,0,0,0,0,0,0,343,0,NA,0,0
"62",10181,2.2,4,0,0,0,0,0,0,0,0,0,7,0,0
"63",10181,2.2,7,0,0,0,0,0,1,0,0,0.47,5,0,0
"64",10181,2.2,10,0,0,2,0,0,1,0,1447,0,-1,0,0
"65",10191,2.7,1,0,0,2,0,0,1,0,443,0,3,0,0
"66",10191,2.7,4,0,0,0,0,0,1,0,234,0,NA,0,1
"67",10191,2.7,7,0,0,0,0,0,0,0,356,0,NA,0,0
"68",10191,2.7,10,0,0,0,0,0,NA,NA,0,0,0,0,0
"69",10201,3.1,1,0,0,0,0,0,1,0,0,0,0,0,0
"70",10201,3.1,4,0,0,0,0,0,1,0,977,0,0,0,2
"71",10201,3.1,7,0,0,0,0,0,NA,NA,0,0,55,0,0
"72",10201,3.1,10,0,0,0,0,0,1,0,0,0,52,0,0
"73",10211,3.5,1,0,0,0,0,0,1,0,0,0,NA,0,0
"74",10211,3.5,4,0,0,0,0,0,1,0,573,0,NA,0,1
"75",10211,3.5,7,0,0,0,0,0,0,0,266,0.57,35,2,0
"76",10211,3.5,10,1,0,0,1,0,1,0,701,0,-6,0,0
"77",10231,3.2,1,0,0,0,0,0,1,0,0,0,-18,0,0
"78",10231,3.2,4,1,3,3,0,0,1,0,1927,0,-12,0,6
"79",10231,3.2,7,0,0,1,0,0,0,0,549,0,NA,0,0
"80",10231,3.2,10,0,0,0,0,0,1,0,0,0,0,0,0
"81",10241,4.4,1,0,0,0,0,1,0,0,0,0,38,0,0
"82",10241,4.4,4,0,1,5,0,1,0,0,1210,0.5,166,0,1
"83",10241,4.4,7,0,0,0,0,1,0,0,434,0.63,NA,0,1
"84",10241,4.4,10,0,0,0,0,1,0,0,0,0,-15,0,0
"85",10252,2.2,1,0,0,0,0,0,NA,NA,0,0,38,0,0
"86",10252,2.2,4,0,0,0,0,0,0,0,0,0,NA,0,0
"87",10252,2.2,7,1,2,11,0,0,1,0,1173,0,-3,0,3
"88",10252,2.2,10,0,0,0,0,0,1,0,0,0,-14,0,0
"89",10262,NA,1,0,0,0,0,0,NA,NA,0,0,23,0,0
"90",10262,NA,4,0,0,0,0,0,NA,NA,0,0,NA,0,0
"91",10262,NA,7,1,2,3,0,0,0,0,554,0.8,-1,0,1
"92",10262,NA,10,0,0,1,0,0,1,0,846,0,NA,0,0
"93",10271,2.1,1,0,0,1,0,0,1,0,321,0,22,0,0
"94",10271,2.1,4,0,0,0,0,0,1,0,594,0.83,NA,1,1
"95",10271,2.1,7,0,0,0,0,0,NA,NA,0,0,NA,0,0
"96",10271,2.1,10,0,0,0,0,0,0,0,0,0,NA,0,0
"97",10281,3.6,1,0,0,0,0,0,1,0,834,0,47,0,0
"98",10281,3.6,4,0,6,2,0,0,1,0,1939,0.5,57,0,4
"99",10281,3.6,7,3,9,10,0,0,NA,NA,3470,0,30,1,7
"100",10281,3.6,10,0,0,0,0,0,0,0,0,0.06,72,0,0
"101",10291,2.2,1,0,0,0,0,1,0,0,0,0,39,0,0
"102",10291,2.2,4,0,0,1,0,1,0,0,426,0,-7,0,0
"103",10291,2.2,7,0,0,0,0,1,NA,NA,0,0,-10,0,0
"104",10291,2.2,10,0,7,0,0,1,0,0,3350,0.2,5,0,0
"105",10302,3,1,0,0,0,0,1,NA,NA,0,0,-12,0,0
"106",10302,3,4,0,0,0,0,1,NA,NA,0,0,11,0,0
"107",10302,3,7,24,6,1,5,1,0,0,2420,0,2,3,0
"108",10302,3,10,11,3,0,0,1,NA,NA,660,0,-2,1,1
"109",10311,NA,1,0,0,0,0,0,1,0,0,0,8,0,0
"110",10311,NA,4,0,0,0,0,0,NA,NA,0,0,47,0,0
"111",10311,NA,7,0,0,0,0,0,1,0,1182,0,14,1,0
"112",10311,NA,10,0,0,0,0,0,0,0,0,0.25,-22,0,0
"113",10321,3.4,1,0,0,0,0,0,1,0,660,0,75,0,1
"114",10321,3.4,4,0,2,1,0,0,1,0,1840,0,65,0,2
"115",10321,3.4,7,1,0,6,1,0,1,0,731,0,-7,0,4
"116",10321,3.4,10,0,0,0,0,0,1,0,0,0,NA,0,0
"117",10331,4,1,0,0,0,1,0,1,0,828,0,17,0,2
"118",10331,4,4,0,0,0,0,0,0,0,0,0,NA,0,0
"119",10331,4,7,0,1,0,1,0,1,0,644,0.25,54,0,0
"120",10331,4,10,1,0,0,0,0,NA,NA,1800,0,5,2,0
"121",10342,2.7,1,0,0,0,0,0,1,0,0,0,1,0,0
"122",10342,2.7,4,0,1,4,0,0,NA,NA,1504,0,-6,7,6
"123",10342,2.7,7,0,0,0,0,0,NA,NA,594,0.69,-12,0,0
"124",10342,2.7,10,0,0,0,0,0,NA,NA,0,0,-23,0,0
"125",10351,2.5,1,0,0,0,0,0,0,0,0,1,42,0,0
"126",10351,2.5,4,0,1,1,0,0,1,0,1121,0.25,6,0,4
"127",10351,2.5,7,0,0,1,0,0,1,0,778,0.67,53,0,0
"128",10351,2.5,10,1,8,5,0,0,1,0,1628,0.17,NA,0,2
"129",10361,2.6,1,0,0,0,0,0,0,0,0,0,0,0,0
"130",10361,2.6,4,0,0,0,0,0,0,0,0,0.5,0,0,0
"131",10361,2.6,7,0,0,0,0,0,NA,NA,0,0.71,15,0,0
"132",10361,2.6,10,0,1,0,0,0,0,0,963,0,NA,0,0
"133",10371,4,1,0,0,0,0,1,NA,NA,0,0,4,0,0
"134",10371,4,4,0,2,0,0,1,NA,NA,1485,0,19,1,0
"135",10371,4,7,1,1,2,0,1,NA,NA,661,1,NA,0,1
"136",10371,4,10,0,2,0,0,1,NA,NA,0,0,9,1,0
"137",10381,3.6,1,0,0,0,0,1,1,1,0,0,NA,0,0
"138",10381,3.6,4,3,1,0,0,1,0,0,1169,0,8,0,0
"139",10381,3.6,7,0,2,1,0,1,0,0,2356,0,-7,1,2
"140",10381,3.6,10,0,0,0,0,1,0,0,715,0,-20,1,0
"141",10391,3.5,1,0,0,0,0,0,1,0,0,0,-1,0,0
"142",10391,3.5,4,0,0,0,0,0,0,0,0,0.75,-7,0,0
"143",10391,3.5,7,0,0,0,0,0,1,0,1261,0,-9,1,0
"144",10391,3.5,10,0,0,0,0,0,1,0,0,0,9,0,0
"145",10401,3.2,1,1,0,0,0,1,0,0,649,0,-1,0,0
"146",10401,3.2,4,0,0,0,0,1,0,0,0,0,NA,0,0
"147",10401,3.2,7,0,0,0,0,1,0,0,0,0,-8,0,0
"148",10401,3.2,10,0,0,0,0,1,0,0,850,0,NA,0,0
"149",10411,3.3,1,0,0,0,0,0,1,0,0,0,NA,0,0
"150",10411,3.3,4,0,0,0,0,0,1,0,1267,0.5,7,0,2
"151",10411,3.3,7,0,0,0,0,0,1,0,0,0,1,0,0
"152",10411,3.3,10,0,0,3,2,0,1,0,1193,1,-6,0,4
"153",10432,2.5,1,0,0,0,0,1,NA,NA,0,0,72,0,0
"154",10432,2.5,4,0,0,0,0,1,NA,NA,0,1,63,0,0
"155",10432,2.5,7,0,0,0,0,1,NA,NA,0,0,89,0,0
"156",10432,2.5,10,0,0,3,0,1,0,0,953,0.25,29,0,7
"157",10441,2.9,1,0,0,0,0,1,1,1,0,0,-7,0,0
"158",10441,2.9,4,0,0,0,0,1,1,1,959,0,4,0,1
"159",10441,2.9,7,1,2,2,0,1,1,1,2081,1,-11,0,2
"160",10441,2.9,10,0,0,0,2,1,0,0,524,0,-8,1,0
"161",10452,2.2,1,0,0,0,0,1,1,1,0,0,-6,0,0
"162",10452,2.2,4,0,0,0,0,1,NA,NA,0,1,33,0,0
"163",10452,2.2,7,0,2,6,1,1,1,1,319,0,11,0,2
"164",10452,2.2,10,0,0,0,0,1,NA,NA,0,0,3,0,0
"165",10461,2.1,1,0,0,1,0,0,0,0,463,0,NA,0,0
"166",10461,2.1,4,0,0,0,0,0,0,0,0,0.5,10,0,0
"167",10461,2.1,7,0,2,0,0,0,0,0,1751,0,NA,0,0
"168",10461,2.1,10,0,0,0,0,0,NA,NA,0,0,NA,0,0
"169",10481,2.7,1,0,0,2,0,0,1,0,441,0,-6,0,0
"170",10481,2.7,4,0,0,4,0,0,0,0,3544,0,7,0,2
"171",10481,2.7,7,2,3,7,0,0,1,0,854,0,-1,0,1
"172",10481,2.7,10,0,0,1,0,0,1,0,793,0,11,0,0
"173",10491,2.8,1,0,1,0,0,0,1,0,755,0,102,0,1
"174",10491,2.8,4,0,1,1,1,0,1,0,1100,0,59,1,0
"175",10491,2.8,7,0,4,17,0,0,0,0,1940,0,122,0,0
"176",10491,2.8,10,0,2,2,0,0,NA,NA,711,0.57,72,1,1
"177",10501,NA,1,0,1,0,0,1,0,0,724,0,0,0,0
"178",10501,NA,4,0,2,3,0,1,0,0,661,0.47,-15,0,3
"179",10501,NA,7,0,0,0,0,1,0,0,0,0,-17,0,0
"180",10501,NA,10,0,18,8,0,1,1,1,2059,0,-18,0,1
"181",10511,3.6,1,0,0,1,0,1,1,1,455,0,15,0,2
"182",10511,3.6,4,6,0,0,1,1,0,0,2203,0,NA,0,0
"183",10511,3.6,7,0,0,0,0,1,NA,0,0,0,NA,0,0
"184",10511,3.6,10,0,0,3,0,1,NA,0,704,1,12,0,0
"185",10521,2.3,1,0,0,0,0,0,0,0,0,0,29,0,0
"186",10521,2.3,4,0,0,0,0,0,0,0,0,0,NA,0,0
"187",10521,2.3,7,0,0,1,0,0,NA,0,741,0,NA,0,1
"188",10521,2.3,10,0,4,5,0,0,1,0,2682,0,NA,2,1
"189",10531,3.1,1,0,0,0,0,1,1,1,724,0,-24,0,0
"190",10531,3.1,4,0,0,0,0,1,NA,0,0,0,-13,0,0
"191",10531,3.1,7,0,0,0,0,1,0,0,0,0,NA,0,0
"192",10531,3.1,10,0,0,5,0,1,NA,0,1163,0,-26,0,7
"193",10542,3.2,1,0,0,0,0,0,NA,0,0,0,-19,0,0
"194",10542,3.2,4,0,3,0,0,0,0,0,986,0,31,0,0
"195",10542,3.2,7,0,0,1,0,0,1,0,601,0,NA,0,0
"196",10542,3.2,10,0,0,0,0,0,0,0,0,1,NA,0,0
"197",10551,3.4,1,0,0,0,0,0,1,0,0,0,7,0,0
"198",10551,3.4,4,0,1,7,0,0,1,0,765,1,NA,0,0
"199",10551,3.4,7,0,0,0,0,0,1,0,0,0,66,0,0
"200",10551,3.4,10,0,0,0,0,0,0,0,1209,0.33,-5,0,2
"201",10562,4.4,1,0,0,0,0,0,NA,0,0,0,-13,0,0
"202",10562,4.4,4,1,1,4,0,0,1,0,3113,0,-39,0,2
"203",10562,4.4,7,0,0,0,0,0,1,0,0,0,21,0,0
"204",10562,4.4,10,0,0,1,0,0,1,0,435,0,-18,0,0
"205",10572,NA,1,0,0,0,0,1,0,0,0,0,-58,0,0
"206",10572,NA,4,0,2,4,0,1,0,0,816,0,-2,0,3
"207",10572,NA,7,0,13,5,0,1,1,1,1906,0.64,0,0,6
"208",10572,NA,10,0,7,2,0,1,1,1,1488,0,NA,0,0
"209",10581,3.6,1,0,0,0,0,0,0,0,596,0,16,1,0
"210",10581,3.6,4,0,0,0,0,0,0,0,664,0,-33,2,1
"211",10581,3.6,7,0,0,0,0,0,0,0,0,1,1,0,0
"212",10581,3.6,10,1,2,6,0,0,0,0,1063,0,NA,3,0
"213",10592,2.7,1,0,0,0,0,1,NA,0,0,0,10,0,0
"214",10592,2.7,4,0,0,0,0,1,NA,0,0,0.65,7,0,0
"215",10592,2.7,7,0,0,0,0,1,NA,0,0,0,2,0,0
"216",10592,2.7,10,1,2,0,0,1,0,0,600,0,NA,0,1
"217",10602,2.4,1,0,0,0,0,0,0,0,0,0,-8,0,0
"218",10602,2.4,4,0,0,1,1,0,1,0,825,0,8,0,3
"219",10602,2.4,7,1,0,0,0,0,0,0,663,0.05,2,0,0
"220",10602,2.4,10,0,0,2,0,0,1,0,689,0,-43,0,0
"221",10611,3.2,1,0,1,0,0,0,1,0,869,0.25,-9,0,0
"222",10611,3.2,4,0,0,0,0,0,1,0,0,0,NA,0,0
"223",10611,3.2,7,0,3,0,0,0,0,0,1462,0,NA,0,0
"224",10611,3.2,10,0,1,1,0,0,1,0,1987,0,NA,0,0
"225",10631,3.1,1,0,0,1,0,0,1,0,753,0,3,0,0
"226",10631,3.1,4,3,2,8,0,0,1,0,2179,0,20,0,6
"227",10631,3.1,7,1,0,0,0,0,0,0,755,0.33,-2,0,0
"228",10631,3.1,10,4,0,4,0,0,0,0,739,0,7,0,0
"229",10642,2.4,1,0,0,0,0,1,0,0,0,0,NA,0,0
"230",10642,2.4,4,0,0,0,0,1,NA,0,0,0,33,0,0
"231",10642,2.4,7,0,0,3,0,1,0,0,1185,0.5,24,0,1
"232",10642,2.4,10,0,1,1,0,1,1,1,524,0,NA,0,0
"233",10651,2.7,1,8,2,10,0,1,0,0,478,0,19,0,1
"234",10651,2.7,4,0,0,0,0,1,1,1,0,0,14,0,0
"235",10651,2.7,7,0,0,0,0,1,1,1,1139,0,3,0,2
"236",10651,2.7,10,0,0,0,0,1,1,1,700,0,NA,1,0
"237",10662,2.4,1,0,0,0,0,0,1,0,0,0,14,0,0
"238",10662,2.4,4,0,0,0,0,0,0,0,0,0.4,-7,0,0
"239",10662,2.4,7,0,0,9,0,0,0,0,749,0,-13,1,3
"240",10662,2.4,10,0,0,0,0,0,NA,0,0,0,-16,0,0
"241",10671,3.1,1,0,0,0,0,0,0,0,0,0,22,0,0
"242",10671,3.1,4,0,1,0,0,0,0,0,681,0,35,0,0
"243",10671,3.1,7,0,0,0,0,0,NA,0,0,0.28,100,0,0
"244",10671,3.1,10,0,0,0,0,0,1,0,0,0,146,0,0
"245",10681,4.1,1,0,0,0,0,0,1,0,697,0,-6,0,0
"246",10681,4.1,4,0,2,3,0,0,0,0,884,0,NA,2,1
"247",10681,4.1,7,0,0,0,0,0,0,0,0,0,7,0,0
"248",10681,4.1,10,0,0,0,0,0,0,0,0,1,6,0,0
"249",10692,2.4,1,0,0,0,0,0,0,0,0,0,NA,0,0
"250",10692,2.4,4,0,0,0,0,0,NA,0,125,0,NA,0,1
"251",10692,2.4,7,0,0,0,0,0,1,0,0,0,27,0,0
"252",10692,2.4,10,0,5,10,1,0,0,0,1172,0,-38,0,0
"253",10701,2.4,1,0,0,0,0,0,0,0,0,0,-17,0,0
"254",10701,2.4,4,0,0,0,0,0,1,0,0,0.64,-2,0,0
"255",10701,2.4,7,0,0,0,0,0,NA,0,0,0,-6,0,0
"256",10701,2.4,10,0,0,0,0,0,0,0,667,0,NA,1,0
"257",10711,4.3,1,0,0,0,0,0,1,0,0,0,7,0,0
"258",10711,4.3,4,0,0,0,0,0,0,0,0,0,0,0,0
"259",10711,4.3,7,0,0,2,0,0,1,0,2022,0,-26,0,3
"260",10711,4.3,10,1,0,0,1,0,0,0,647,0,NA,0,1
"261",10723,3.8,1,0,0,0,0,0,0,0,0,0,-5,0,0
"262",10723,3.8,4,0,0,0,0,0,0,0,0,0,0,0,0
"263",10723,3.8,7,1,0,9,0,0,0,0,967,0,0,0,4
"264",10723,3.8,10,0,0,0,0,0,NA,0,0,0,-9,0,0
"265",10732,3,1,0,0,0,0,1,1,1,0,0,11,0,0
"266",10732,3,4,0,0,0,0,1,0,0,0,0.25,4,0,0
"267",10732,3,7,0,0,0,0,1,1,1,0,0.14,50,0,0
"268",10732,3,10,0,8,3,0,1,1,1,1310,0,55,0,0
"269",10741,3.6,1,0,1,0,0,0,1,0,697,0,1,0,0
"270",10741,3.6,4,3,0,16,1,0,1,0,562,0,-3,0,3
"271",10741,3.6,7,0,0,1,0,0,1,0,668,0,-6,0,0
"272",10741,3.6,10,1,1,20,0,0,1,0,1255,0.5,0,0,6
"273",10751,3,1,0,2,1,0,0,1,0,814,0,0,0,1
"274",10751,3,4,2,3,9,0,0,1,0,2321,0,0,1,11
"275",10751,3,7,0,0,0,0,0,1,0,1814,0,19,0,2
"276",10751,3,10,0,0,2,0,0,NA,0,816,0,4,0,0
"277",10761,2.6,1,3,5,9,0,1,0,0,743,0,NA,0,4
"278",10761,2.6,4,4,0,0,0,1,NA,0,958,0.5,0,0,0
"279",10761,2.6,7,0,0,0,0,1,NA,0,0,0,15,0,0
"280",10761,2.6,10,0,0,0,0,1,NA,0,0,0.5,36,0,0
"281",10771,3.2,1,0,1,0,0,1,1,1,503,0,0,0,0
"282",10771,3.2,4,0,2,0,0,1,1,1,1649,1,-20,0,1
"283",10771,3.2,7,0,4,0,0,1,1,1,1863,0.5,7,0,0
"284",10771,3.2,10,0,26,6,2,1,1,1,3947,0.22,27,0,4
"285",10781,2.9,1,0,0,0,0,0,1,0,0,0,-30,0,0
"286",10781,2.9,4,1,0,0,0,0,0,0,854,0,NA,1,0
"287",10781,2.9,7,6,0,4,0,0,1,0,1828,0,22,0,9
"288",10781,2.9,10,0,0,0,0,0,1,0,0,0,24,0,0
"289",10791,3.8,1,0,1,1,0,0,1,0,1500,0,10,0,0
"290",10791,3.8,4,4,0,1,2,0,0,0,3156,0.56,-4,9,0
"291",10791,3.8,7,2,1,0,0,0,1,0,1698,0,-26,1,3
"292",10791,3.8,10,2,0,0,0,0,0,0,1157,0.5,42,1,0
"293",10803,3.4,1,0,0,3,0,0,NA,0,805,0,NA,0,2
"294",10803,3.4,4,0,0,1,0,0,0,0,2556,0.8,NA,0,6
"295",10803,3.4,7,2,1,13,2,0,0,0,1822,0,NA,0,4
"296",10803,3.4,10,0,0,0,0,0,0,0,0,0,NA,0,0
"297",10811,3.7,1,1,0,0,0,0,1,0,417,0,2,0,0
"298",10811,3.7,4,0,0,0,0,0,1,0,540,0.11,-4,0,0
"299",10811,3.7,7,0,2,0,1,0,0,0,535,0,NA,0,0
"300",10811,3.7,10,0,0,0,0,0,1,0,0,0.27,NA,0,0
"301",10821,4,1,0,0,0,0,0,0,0,0,0,NA,0,0
"302",10821,4,4,3,2,2,4,0,0,0,812,0,0,2,4
"303",10821,4,7,0,0,0,0,0,0,0,0,0.8,5,0,0
"304",10821,4,10,0,0,0,0,0,0,0,0,0.22,6,0,0
"305",10831,3.3,1,0,1,0,0,0,1,0,779,0,NA,0,0
"306",10831,3.3,4,0,0,0,0,0,NA,0,0,0,NA,0,0
"307",10831,3.3,7,0,0,0,0,0,1,0,736,0,NA,0,0
"308",10831,3.3,10,0,0,0,0,0,0,0,0,0,33,0,0
"309",10841,2.7,1,0,2,15,0,0,NA,0,861,0,-2,0,1
"310",10841,2.7,4,0,0,0,0,0,1,0,766,0,2,0,0
"311",10841,2.7,7,0,1,0,0,0,0,0,431,0,NA,0,1
"312",10841,2.7,10,0,0,0,0,0,NA,0,0,0,NA,0,0
"313",10851,NA,1,0,0,0,0,0,0,0,0,0,44,0,0
"314",10851,NA,4,0,2,0,0,0,1,0,2245,0,NA,0,2
"315",10851,NA,7,0,0,0,0,0,0,0,0,0.33,46,0,0
"316",10851,NA,10,0,0,0,0,0,NA,0,0,0,47,0,0
"317",10861,2.9,1,0,0,0,0,0,NA,0,0,0,0,0,0
"318",10861,2.9,4,1,0,0,0,0,0,0,405,0,-20,1,0
"319",10861,2.9,7,0,0,0,0,0,NA,0,0,0,NA,0,0
"320",10861,2.9,10,0,3,1,1,0,0,0,807,0,-20,1,2
"321",10871,2.6,1,0,0,0,0,0,1,0,0,0,-8,0,0
"322",10871,2.6,4,0,14,13,1,0,1,0,2015,0,15,0,10
"323",10871,2.6,7,6,14,5,0,0,1,0,4828,0.4,0,0,4
"324",10871,2.6,10,0,0,4,0,0,0,0,1574,0,-8,0,0
"325",10881,2.9,1,0,0,0,0,1,0,0,0,0.33,83,0,0
"326",10881,2.9,4,0,1,5,0,1,0,0,491,0.77,92,0,1
"327",10881,2.9,7,0,0,0,0,1,0,0,0,0,48,0,0
"328",10881,2.9,10,0,0,0,0,1,0,0,0,0.13,157,0,0
"329",10892,2.2,1,0,0,0,0,0,1,0,0,0,3,0,0
"330",10892,2.2,4,0,0,0,0,0,NA,0,0,0,16,0,0
"331",10892,2.2,7,0,0,0,0,0,1,0,511,0,-20,0,2
"332",10892,2.2,10,1,1,2,0,0,0,0,556,1,-7,0,0
"333",10901,4.9,1,0,1,22,0,0,0,0,1536,0.4,9,0,1
"334",10901,4.9,4,0,0,0,0,0,0,0,0,0.7,11,0,0
"335",10901,4.9,7,0,0,0,0,0,0,0,0,0,12,0,0
"336",10901,4.9,10,0,0,0,0,0,NA,0,0,0,46,0,0
"337",10911,3.3,1,0,0,0,0,0,0,0,0,0,13,0,0
"338",10911,3.3,4,0,2,1,1,0,1,0,1560,0,NA,0,7
"339",10911,3.3,7,0,0,1,0,0,0,0,939,0,3,0,0
"340",10911,3.3,10,0,0,0,0,0,NA,0,0,0.5,NA,0,0
"341",10922,2.6,1,0,0,0,0,1,1,1,0,0,NA,0,0
"342",10922,2.6,4,0,2,0,0,1,1,1,302,1,20,1,1
"343",10922,2.6,7,0,0,0,0,1,NA,0,0,0,1,0,0
"344",10922,2.6,10,0,0,0,0,1,NA,0,0,0,5,0,0
"345",10931,2.9,1,0,0,0,0,0,0,0,0,0,8,0,0
"346",10931,2.9,4,0,0,0,0,0,0,0,908,0,57,0,1
"347",10931,2.9,7,0,0,1,0,0,1,0,1509,0,5,0,2
"348",10931,2.9,10,0,2,3,0,0,NA,0,499,1,64,0,0
"349",10941,3,1,0,0,4,0,0,0,0,1060,0,NA,0,2
"350",10941,3,4,3,2,5,1,0,1,0,1100,1,NA,2,13
"351",10941,3,7,0,0,0,0,0,1,0,0,0,7,0,0
"352",10941,3,10,0,0,0,1,0,1,0,608,0,NA,0,0
"353",10951,3.5,1,0,1,3,0,0,1,0,1522,0,-38,0,1
"354",10951,3.5,4,0,0,0,0,0,0,0,653,0.86,9,0,0
"355",10951,3.5,7,1,3,1,9,0,0,0,1462,0,-17,0,1
"356",10951,3.5,10,0,0,1,0,0,0,0,814,0,18,0,0
"357",10961,3.9,1,2,0,0,1,0,1,0,755,0,-15,0,0
"358",10961,3.9,4,0,1,10,0,0,1,0,825,1,58,4,1
"359",10961,3.9,7,0,2,2,0,0,1,0,1682,0,NA,0,3
"360",10961,3.9,10,0,1,0,0,0,1,0,850,0,124,0,0
"361",10971,2.7,1,0,0,0,0,0,1,0,0,0,NA,0,0
"362",10971,2.7,4,0,0,0,0,0,0,0,1300,0,NA,0,2
"363",10971,2.7,7,0,0,0,0,0,1,0,0,0.51,9,0,0
"364",10971,2.7,10,2,1,0,0,0,0,0,1578,0.13,NA,0,1
"365",10981,2.3,1,0,0,0,0,0,0,0,0,0,NA,0,0
"366",10981,2.3,4,0,0,0,2,0,1,0,647,0,NA,2,0
"367",10981,2.3,7,0,0,0,0,0,NA,0,0,0.6,NA,0,0
"368",10981,2.3,10,0,1,0,0,0,1,0,667,0,NA,0,0
"369",10991,NA,1,0,0,0,0,1,0,0,0,0,59,0,0
"370",10991,NA,4,0,2,0,0,1,1,1,931,0,35,0,1
"371",10991,NA,7,0,0,0,0,1,NA,0,0,0,23,0,0
"372",10991,NA,10,0,11,1,0,1,1,1,655,0,59,0,0
"373",11002,NA,1,0,0,0,0,0,NA,0,0,0,24,0,0
"374",11002,NA,4,0,7,0,0,0,1,0,577,0,41,0,1
"375",11002,NA,7,1,1,3,3,0,0,0,590,0,-5,0,0
"376",11002,NA,10,0,0,2,0,0,0,0,967,0,-27,0,0
"377",11011,2.5,1,0,0,1,0,0,1,0,813,0,-12,0,1
"378",11011,2.5,4,0,3,1,0,0,0,0,930,1,-23,0,5
"379",11011,2.5,7,0,4,2,0,0,1,0,787,0,16,0,2
"380",11011,2.5,10,1,3,3,0,0,1,0,1359,0,0,0,2
"381",11021,2.7,1,0,0,0,0,0,0,0,0,0,2,0,0
"382",11021,2.7,4,0,3,0,1,0,NA,0,1114,0,NA,0,0
"383",11021,2.7,7,0,0,1,0,0,1,0,275,0.91,-4,0,0
"384",11021,2.7,10,1,1,0,0,0,0,0,522,0,NA,0,0
"385",11031,2.4,1,0,0,0,0,0,1,0,0,0,12,0,0
"386",11031,2.4,4,0,0,5,1,0,1,0,948,0,59,0,3
"387",11031,2.4,7,0,0,0,0,0,0,0,0,0,15,0,0
"388",11031,2.4,10,0,1,4,0,0,1,0,1294,0,NA,0,3
"389",11042,4.2,1,0,0,0,0,0,NA,0,0,0,15,0,0
"390",11042,4.2,4,1,0,7,0,0,1,0,1593,0.78,53,0,1
"391",11042,4.2,7,0,0,6,0,0,NA,0,1620,0.6,180,0,0
"392",11042,4.2,10,0,1,0,0,0,0,0,693,0.11,24,0,0
"393",11051,2.4,1,4,1,7,0,1,1,1,428,0,0,0,2
"394",11051,2.4,4,0,0,0,0,1,1,1,0,0,NA,0,0
"395",11051,2.4,7,0,0,0,0,1,0,0,599,1,177,0,0
"396",11051,2.4,10,0,0,0,0,1,0,0,0,0.5,21,0,0
"397",11061,3.9,1,0,0,0,0,0,1,0,0,0,28,0,0
"398",11061,3.9,4,1,0,4,0,0,1,0,2902,1,NA,0,4
"399",11061,3.9,7,0,2,0,0,0,NA,0,1244,0,NA,0,0
"400",11061,3.9,10,0,0,11,1,0,NA,0,1907,0,NA,0,3
"401",11072,2.6,1,0,0,0,0,0,NA,0,0,0,0,0,0
"402",11072,2.6,4,0,0,0,0,0,NA,0,0,0,30,0,0
"403",11072,2.6,7,0,0,0,0,0,NA,0,0,0,NA,0,0
"404",11072,2.6,10,0,0,1,0,0,0,0,301,0,NA,0,0
"405",11081,3,1,0,0,0,0,1,0,0,0,0.53,-21,0,0
"406",11081,3,4,2,0,1,1,1,0,0,1099,0,NA,0,2
"407",11081,3,7,0,0,0,0,1,1,1,0,0,NA,0,0
"408",11081,3,10,0,1,2,0,1,1,1,700,0,NA,0,0
"409",11091,2.2,1,0,0,0,0,1,1,1,0,0,0,0,0
"410",11091,2.2,4,0,0,0,0,1,1,1,0,0,NA,0,0
"411",11091,2.2,7,0,6,28,5,1,0,0,1022,0,21,0,1
"412",11091,2.2,10,0,6,2,0,1,0,0,441,0,0,0,2
"413",11101,4,1,0,0,0,0,1,1,1,0,0,40,0,0
"414",11101,4,4,0,1,10,0,1,NA,0,462,0.2,42,0,1
"415",11101,4,7,0,0,0,0,1,0,0,522,0,85,1,1
"416",11101,4,10,0,0,4,0,1,1,1,439,0,44,0,2
"417",11111,4.3,1,0,0,0,0,1,0,0,0,0,17,0,0
"418",11111,4.3,4,0,2,2,1,1,1,1,1672,0.5,40,1,2
"419",11111,4.3,7,0,2,0,1,1,1,1,1347,0,NA,3,1
"420",11111,4.3,10,3,1,1,1,1,0,0,2138,0,NA,0,1
"421",11122,3.3,1,0,0,0,0,1,NA,0,0,0.36,129,0,0
"422",11122,3.3,4,0,11,11,0,1,1,1,1414,0,1,0,3
"423",11122,3.3,7,3,0,0,0,1,1,1,648,0,28,0,0
"424",11122,3.3,10,0,1,0,0,1,NA,0,1918,0,9,1,0
"425",11131,3.5,1,0,0,0,0,0,0,0,0,0,NA,0,0
"426",11131,3.5,4,0,1,5,0,0,1,0,1465,0,3,1,0
"427",11131,3.5,7,1,1,3,0,0,1,0,1043,0,17,0,1
"428",11131,3.5,10,0,0,3,0,0,1,0,1021,0,-6,0,0
"429",11141,3.8,1,1,0,4,0,0,1,0,1538,0,-9,0,4
"430",11141,3.8,4,1,1,8,0,0,0,0,2196,0,-27,2,3
"431",11141,3.8,7,0,2,0,0,0,0,0,1089,0,3,1,0
"432",11141,3.8,10,0,3,8,0,0,0,0,1524,0,-4,0,5
"433",11151,3,1,0,4,0,0,0,0,0,617,0,-4,0,1
"434",11151,3,4,0,0,0,0,0,0,0,714,0,0,0,0
"435",11151,3,7,1,0,0,0,0,0,0,715,0.53,-34,2,0
"436",11151,3,10,0,0,0,0,0,1,0,0,0,0,0,0
"437",11161,2.5,1,0,8,0,0,1,1,1,649,0,15,0,2
"438",11161,2.5,4,0,19,13,1,1,1,1,3779,0.17,NA,1,15
"439",11161,2.5,7,0,5,1,0,1,NA,0,1372,0.5,10,0,1
"440",11161,2.5,10,0,10,3,0,1,1,1,1768,0.33,42,0,5
"441",11172,2.4,1,0,0,0,0,0,0,0,649,0,NA,0,0
"442",11172,2.4,4,0,0,1,4,0,1,0,1364,0.6,52,1,0
"443",11172,2.4,7,0,2,1,1,0,1,0,1504,0,15,0,1
"444",11172,2.4,10,1,0,0,0,0,0,0,846,0,NA,0,0
"445",11181,4.1,1,0,0,3,0,0,1,0,759,0.63,97,0,2
"446",11181,4.1,4,0,1,8,1,0,1,0,1661,0.41,42,0,0
"447",11181,4.1,7,0,0,0,0,0,0,0,0,0.17,NA,0,0
"448",11181,4.1,10,0,0,0,0,0,1,0,715,0,156,1,0
"449",11192,4.1,1,0,0,0,0,0,1,0,0,0,41,0,0
"450",11192,4.1,4,0,0,0,0,0,1,0,0,0,82,0,0
"451",11192,4.1,7,0,0,0,0,0,0,0,1139,0,NA,0,1
"452",11192,4.1,10,1,0,0,0,0,1,0,1209,0,NA,1,0
